<?xml version="1.0" encoding="UTF-8"?>
<!DOCTYPE mapper PUBLIC "-//mybatis.org//DTD Mapper 3.0//EN" "http://mybatis.org/dtd/mybatis-3-mapper.dtd">
<mapper namespace="reply">
	<update id="update">
		update reply set reply_text=#{reply_text}
		where idx = ${idx}
	</update>
	<delete id="delete">
		delete from reply where idx = ${idx}
	</delete>
	<delete id="delete_reply_board">
		delete from reply where board_idx = ${num}
	</delete>
	<select id="detail" resultType="com.myproject.greatpark.model.board.ReplyDTO">
		select * from reply where idx = ${idx}
	</select>
	<select id="count" resultType="int">
		select count(*) from reply
		where board_idx = ${board_idx}
	</select>
	<insert id="insert">
		insert into reply (board_idx,reply_text,replyer) values
		  (${board_idx}, #{reply_text}, #{replyer})
	</insert>
	<select id="list" resultType="com.myproject.greatpark.model.board.ReplyDTO">
		select idx,board_idx,reply_text,replyer,name,r.regdate,
			(select userid from board where idx = r.board_idx) writer
		  from reply r inner join user u
		  where r.replyer = u.userid and board_idx=${board_idx}
		  order by idx desc
		  LIMIT ${start-1}, ${end-start}
	</select>
</mapper>