<?xml version="1.0" encoding="UTF-8"?>
<beans xmlns="http://www.springframework.org/schema/beans"
	xmlns:xsi="http://www.w3.org/2001/XMLSchema-instance"
	xmlns:context="http://www.springframework.org/schema/context"
	xmlns:mybatis-spring="http://mybatis.org/schema/mybatis-spring"
	xmlns:tx="http://www.springframework.org/schema/tx"
	xsi:schemaLocation="http://mybatis.org/schema/mybatis-spring http://mybatis.org/schema/mybatis-spring-1.2.xsd
		http://www.springframework.org/schema/beans http://www.springframework.org/schema/beans/spring-beans.xsd
		http://www.springframework.org/schema/context http://www.springframework.org/schema/context/spring-context-4.1.xsd
		http://www.springframework.org/schema/tx http://www.springframework.org/schema/tx/spring-tx-4.0.xsd">

	<!-- bean 자바 객체 id 변수명 class 자료형 -->
	<bean id="dataSource"
		class="org.springframework.jdbc.datasource.DriverManagerDataSource">
		<property name="driverClassName"
			value="com.mysql.cj.jdbc.Driver" />
		<property name="url"
			value="jdbc:mysql://192.168.100.52/greatpark?allowPublicKeyRetrieval=true&amp;useSSL=false&amp;serverTimezone=Asia/Seoul" />
		<property name="username" value="park" />
		<property name="password" value="1234" />
	</bean>

	<bean id="sqlSessionFactory"
		class="org.mybatis.spring.SqlSessionFactoryBean">
		<property name="dataSource" ref="dataSource" />
		<!-- mybatis 설정파일의 위치 -->
		<property name="configLocation"
			value="classpath:/mybatis-config.xml" /> <!--classpath: src/main/resources -->
		<!-- mybatis mapper 파일의 경로 와일드카드 /** 모든 하위디렉토리 * 모든 이름 -->
		<property name="mapperLocations"
			value="classpath:mappers/**/*.xml" />  <!-- ** 어떤디렉토리도 무관 -->
	</bean>

	<bean id="sqlSession"
		class="org.mybatis.spring.SqlSessionTemplate"
		destroy-method="clearCache">  <!-- auto close -->
		<constructor-arg name="sqlSessionFactory"
			ref="sqlSessionFactory" />
	</bean>
	
	<!-- 트랜젝션 관련 설정 -->
	<bean id="transactionManager" class="org.springframework.jdbc.datasource.DataSourceTransactionManager">
		<property name="dataSource" ref="dataSource" />
	</bean>
	<!-- 트랜젝샌 관련 어노테이션을 자동 인식하는 옵션 -->
	<tx:annotation-driven/>

</beans>