<?xml version="1.0" encoding="UTF-8"?>
<!DOCTYPE mapper PUBLIC "-//mybatis.org//DTD Mapper 3.0//EN" "http://mybatis.org/dtd/mybatis-3-mapper.dtd">
<mapper namespace="parking">
	<select id="list" resultType="com.myproject.greatpark.model.reservation.ParkingDTO">
		select * from parking_code
	</select>
	<insert id="insert">
		insert into parking_code (code, cont, fare) values(#{code}, #{cont}, #{fare})
	</insert>
	<select id="detail" resultType="com.myproject.greatpark.model.reservation.ParkingDTO">
		select * from parking_code where code = #{code}
	</select>
	<update id="update">
		update parking_code set cont = #{cont}, fare = #{fare} where code = #{code}
	</update>
	<delete id="delete">
		delete from parking_code where code = #{code}
	</delete>
</mapper>