<?xml version="1.0" encoding="UTF-8"?>
<!DOCTYPE mapper PUBLIC "-//mybatis.org//DTD Mapper 3.0//EN" "http://mybatis.org/dtd/mybatis-3-mapper.dtd">
<mapper namespace="reservation">
	<select id="list" resultType="com.myproject.greatpark.model.reservation.ReservationDTO">
		SELECT idx, userid, f.cont f_cont, f.fare f_fare, amount, p.cont p_area, p.fare p_fare, (f.fare * amount) + p.fare total_fare, booking_date, reg_date from reservation r, parking_code p, fare_type f WHERE r.userid = #{userid} AND r.parking_area = p.code AND f.CODE = r.faretype order by idx;
	</select>
	<insert id="insert">
		insert into reservation (userid, faretype, amount, parking_area, booking_date) values(#{userid}, #{faretype}, #{amount}, #{parking_area}, #{booking_date})
	</insert>
	<select id="detail" resultType="com.myproject.greatpark.model.reservation.ReservationDTO">
		select * from reservation where idx = #{idx}
	</select>
	<update id="update">
		update reservation set faretype = #{faretype}, amount = #{amount}, parking_area = #{parking_area}, booking_date = #{booking_date} where idx = #{idx}
	</update>
	<delete id="delete_all">
		delete from reservation where userid = #{userid}
	</delete>
	<delete id="delete">
		delete from reservation where idx = #{idx}
	</delete>
</mapper>