<?xml version="1.0" encoding="UTF-8"?>
<beans:beans xmlns="http://www.springframework.org/schema/mvc"
	xmlns:xsi="http://www.w3.org/2001/XMLSchema-instance"
	xmlns:beans="http://www.springframework.org/schema/beans"
	xmlns:context="http://www.springframework.org/schema/context"
	xmlns:aop="http://www.springframework.org/schema/aop"
	xsi:schemaLocation="http://www.springframework.org/schema/mvc https://www.springframework.org/schema/mvc/spring-mvc.xsd
		http://www.springframework.org/schema/beans https://www.springframework.org/schema/beans/spring-beans.xsd
		http://www.springframework.org/schema/context https://www.springframework.org/schema/context/spring-context.xsd
		http://www.springframework.org/schema/aop http://www.springframework.org/schema/aop/spring-aop-4.0.xsd">

	<!-- DispatcherServlet Context: defines this servlet's request-processing infrastructure -->
	
	<!-- Enables the Spring MVC @Controller programming model -->
	<annotation-driven />

	<!-- Handles HTTP GET requests for /resources/** by efficiently serving up static resources in the ${webappRoot}/resources directory -->
	<!-- Spring은 jsp,java,html 외에는 전부 Servlet으로 인식함 -->
	<resources mapping="/resources/**" location="/resources/" />
	<resources location="/WEB-INF/views/images/" mapping="/images/**" /> <!--img는 서블릿이 아닌 나머지 리소스로 처리하겠다는 의미 -->
	<resources location="/WEB-INF/views/include/" mapping="/include/**" /> <!-- include안의 모든 파일들은 서블릿이 아닌 정적Resource라는 의미 -->
	<resources location="/WEB-INF/views/js/" mapping="/js/**" />
	<resources location="/WEB-INF/views/css/" mapping="/css/**" />
	<resources location="/WEB-INF/views/ckeditor/" mapping="/ckeditor/**" />
	<!-- Resolves views selected for rendering by @Controllers to .jsp resources in the /WEB-INF/views directory -->
	<beans:bean class="org.springframework.web.servlet.view.InternalResourceViewResolver">
		<beans:property name="prefix" value="/WEB-INF/views/" />
		<beans:property name="suffix" value=".jsp" />
	</beans:bean>
	
	<context:component-scan base-package="com.myproject.greatpark" />
	
	<!-- 파일업로드에 필요한 bean -->
	<beans:bean id="multipartResolver" class="org.springframework.web.multipart.commons.CommonsMultipartResolver">
		<!-- 파일업로드최대용량(byte) -->
		<beans:property name="maxUploadSize" value="1048760" />
	</beans:bean>
	<!-- 첨부파일을 저장할 디렉토리 설정 -->
	<beans:bean id="upload_path" class="java.lang.String">
		<beans:constructor-arg value="c:/upload" />
	</beans:bean>
	
	<!-- aop의 설정을 통한 자동적인 proxy 객체 생성 -->
	<aop:aspectj-autoproxy></aop:aspectj-autoproxy>
	
</beans:beans>
